OpName,Num,MaxDelay,MinDelay,AverageDelay
chooseDataNode,517,9023208334,0,1478394375.90071
getBlockLocations,296,7320337,0,621919.504110362
RPC:getBlockLocations,296,17391153,1238063,4245865.39369369
getFileInfo,296,1503406,0,445262.818803417
bestNode,739,110539,0,18485.7631677296
RPC:getFileInfo,296,8046559,886978,2116523.87408178
OP: try new BlockReader,369,60070704234,60001224671,60045752572.0671
blockSeekTo,148,729696534175,0,198065505985.635
