OpName,Num,MaxDelay,MinDelay,AverageDelay
chooseDataNode,3049,9022325756,0,827476720.764026
getBlockLocations,1052,4376410,0,278482.402371137
RPC:getBlockLocations,1052,16478826,700913,4824706.18525556
getFileInfo,1052,4541121,0,202710.763731162
bestNode,3838,385324,0,20936.9860238437
RPC:getFileInfo,1052,9000706,54965,1834192.34766367
OP: try new BlockReader,2523,3004730106,3000041714,3001235557.95963
blockSeekTo,526,45096477063,0,24459087877.1745
