OpName,Num,MaxDelay,MinDelay,AverageDelay
chooseDataNode,4519,9021923263,0,943179451.487355
getBlockLocations,1484,5625694,0,255427.683499392
OP: try new BlockReader,3777,31806401,12876,1218192.55551378
RPC:getBlockLocations,1484,118253677,396849,4503572.64966626
getFileInfo,1484,5540667,0,205995.3179723
bestNode,5632,991536,0,19226.5824499706
RPC:getFileInfo,1484,8609560,152688,1845453.12070456
blockSeekTo,742,9176586148,0,5793352553.35649
